{
  "2021_08_16_22_26_54": [
    265.03443336486816,
    140.53085327148438,
    1.9389756917953491
  ],
  "2021_08_18_09_02_56": [
    635.5018310546875,
    143.8498077392578,
    1.933420479297638
  ],
  "2021_08_18_18_33_56": [
    -144.85926818847656,
    23.465242743492126,
    1.932675302028656
  ],
  "2021_08_18_19_11_02": [
    469.3597106933594,
    -17.890862464904785,
    1.9826297760009766
  ],
  "2021_08_18_21_38_28": [
    0.6211433410644531,
    357.1836242675781,
    1.9334259629249573
  ],
  "2021_08_18_22_16_12": [
    0.6302099227905273,
    346.0985412597656,
    1.9334483742713928
  ],
  "2021_08_18_23_23_19": [
    648.7200317382812,
    20.375792980194092,
    1.9331560730934143
  ],
  "2021_08_19_15_07_39": [
    -1.5713019371032715,
    151.95945739746094,
    1.9323970079421997
  ],
  "2021_08_20_16_20_46": [
    -8.69312572479248,
    -15.363048553466797,
    1.9336829781532288
  ],
  "2021_08_20_20_39_00": [
    -159.02276611328125,
    25.243245542049408,
    1.933482825756073
  ],
  "2021_08_20_21_00_19": [
    -202.1450424194336,
    225.07495880126953,
    1.9324845671653748
  ],
  "2021_08_21_09_09_41": [
    -255.5141372680664,
    94.17062950134277,
    1.9333523511886597
  ],
  "2021_08_21_15_41_04": [
    39.518442153930664,
    131.12197494506836,
    1.9517382979393005
  ],
  "2021_08_21_16_08_42": [
    39.54756736755371,
    127.94775009155273,
    1.9527806639671326
  ],
  "2021_08_21_17_00_32": [
    -270.8123474121094,
    9.677308082580566,
    1.9336292743682861
  ],
  "2021_08_21_21_35_56": [
    -173.50725555419922,
    89.23648643493652,
    1.9619653224945068
  ],
  "2021_08_21_22_21_37": [
    -184.76531982421875,
    73.59855079650879,
    1.9611786603927612
  ],
  "2021_08_22_06_43_37": [
    -185.0250015258789,
    84.24098777770996,
    1.961419403553009
  ],
  "2021_08_22_07_24_12": [
    133.4153938293457,
    -107.85220336914062,
    1.9336339831352234
  ],
  "2021_08_22_08_39_02": [
    -247.7303466796875,
    -57.997857093811035,
    1.9337822794914246
  ],
  "2021_08_22_09_43_53": [
    -56.68752479553223,
    201.72032165527344,
    6.179100334644318
  ],
  "2021_08_22_10_10_40": [
    -68.23675537109375,
    194.60037231445312,
    6.253961563110352
  ],
  "2021_08_22_10_46_58": [
    -7.017238616943359,
    -40.436420917510986,
    1.934342622756958
  ],
  "2021_08_22_11_29_38": [
    -7.1096203327178955,
    -9.03584098815918,
    1.9309800267219543
  ],
  "2021_08_22_22_30_58": [
    -48.52883005142212,
    97.07701110839844,
    1.962258756160736
  ],
  "2021_08_23_10_47_16": [
    179.7030792236328,
    -245.09709930419922,
    1.9547887444496155
  ],
  "2021_08_23_11_06_41": [
    -184.48029327392578,
    -17.80812644958496,
    1.9610430002212524
  ],
  "2021_08_23_11_22_46": [
    209.98651885986328,
    -252.17893981933594,
    1.954023838043213
  ],
  "2021_08_23_12_13_48": [
    15.099621772766113,
    192.3592758178711,
    1.9499130845069885
  ],
  "2021_08_23_13_10_47": [
    34.918779373168945,
    193.037109375,
    1.9333351850509644
  ],
  "2021_08_23_16_42_39": [
    21.423290252685547,
    90.15586566925049,
    1.9332387447357178
  ],
  "2021_08_23_17_07_55": [
    33.951279163360596,
    90.77875900268555,
    2.170882523059845
  ],
  "2021_08_23_19_27_57": [
    91.0198860168457,
    68.32807922363281,
    1.933409869670868
  ],
  "2021_08_23_20_47_11": [
    92.78404998779297,
    1.4997482299804688,
    1.9334091544151306
  ],
  "2021_08_23_22_31_01": [
    -43.251235008239746,
    10.383342742919922,
    1.9335749745368958
  ],
  "2021_08_23_23_08_17": [
    47.271124839782715,
    -45.996633529663086,
    1.9336622953414917
  ],
  "2021_08_24_09_25_42": [
    66.66470146179199,
    -44.815438985824585,
    4.913594365119934
  ],
  "2021_08_24_09_58_32": [
    40.83232402801514,
    -158.52485275268555,
    6.717732310295105
  ],
  "2021_08_24_12_19_30": [
    -107.969491481781,
    -210.66231536865234,
    5.42212587594986
  ],
  "2021_08_24_21_29_28": [
    84.72323942184448,
    -321.9774856567383,
    1.9334075450897217
  ],
  "2021_09_09_22_21_11": [
    98.14330232143402,
    186.88954544067383,
    2.153533935546875
  ],
  "2021_09_09_23_21_21": [
    70.57319150865078,
    -106.95387864112854,
    5.902305483818054
  ],
  "2021_09_10_12_07_11": [
    -236.6287956237793,
    44.12321090698242,
    7.43095338344574
  ]
}