{
  "2021_08_16_22_26_54": [
    75.30563990275066,
    139.8104502360026,
    1.9311509529749553
  ],
  "2021_08_18_09_02_56": [
    635.1392211914062,
    159.8008804321289,
    1.9300934076309204
  ],
  "2021_08_18_18_33_56": [
    -160.4400405883789,
    23.372303366661072,
    1.9300984740257263
  ],
  "2021_08_18_19_11_02": [
    557.1053466796875,
    -18.233922004699707,
    1.93039670586586
  ],
  "2021_08_18_21_38_28": [
    -7.570362567901611,
    325.09661865234375,
    1.9301005601882935
  ],
  "2021_08_18_22_16_12": [
    -0.8093612988789877,
    336.6394348144531,
    1.930257240931193
  ],
  "2021_08_18_23_23_19": [
    648.6591186523438,
    43.63732719421387,
    1.9301016926765442
  ],
  "2021_08_19_15_07_39": [
    3.1326563358306885,
    151.95945739746094,
    1.9318214058876038
  ],
  "2021_08_20_16_20_46": [
    -8.124697208404541,
    -59.02624320983887,
    1.9304702281951904
  ],
  "2021_08_20_20_39_00": [
    -180.60553995768228,
    30.802090605099995,
    1.930257240931193
  ],
  "2021_08_20_21_00_19": [
    -247.38327026367188,
    225.0500030517578,
    1.9307419061660767
  ],
  "2021_08_21_09_09_41": [
    -231.18725967407227,
    142.08830642700195,
    1.930818647146225
  ],
  "2021_08_21_15_41_04": [
    39.538973808288574,
    131.94691467285156,
    1.9494001865386963
  ],
  "2021_08_21_16_08_42": [
    39.56331539154053,
    131.9451560974121,
    1.9500054121017456
  ],
  "2021_08_21_17_00_32": [
    -270.6325225830078,
    3.0250978469848633,
    1.932003378868103
  ],
  "2021_08_21_21_35_56": [
    -173.46788024902344,
    70.38118934631348,
    1.9598703980445862
  ],
  "2021_08_21_22_21_37": [
    -187.0110321044922,
    77.1882921854655,
    1.9494349161783855
  ],
  "2021_08_22_06_43_37": [
    -186.5181427001953,
    86.06049251556396,
    1.9596647024154663
  ],
  "2021_08_22_07_24_12": [
    89.0779914855957,
    -191.05237579345703,
    1.9329195618629456
  ],
  "2021_08_22_08_39_02": [
    -242.474365234375,
    -57.955037117004395,
    1.9335464835166931
  ],
  "2021_08_22_09_43_53": [
    -83.26185353597005,
    201.55547587076822,
    7.537404457728068
  ],
  "2021_08_22_10_10_40": [
    -51.0184326171875,
    194.4892578125,
    5.442409038543701
  ],
  "2021_08_22_10_46_58": [
    -7.07008695602417,
    -72.67137654622395,
    1.9329561392466228
  ],
  "2021_08_22_11_29_38": [
    -6.592532396316528,
    -29.27726173400879,
    1.931849181652069
  ],
  "2021_08_22_22_30_58": [
    -46.97313721974691,
    95.77397918701172,
    1.9501889149347942
  ],
  "2021_08_23_10_47_16": [
    213.17195892333984,
    -263.66563415527344,
    1.943626046180725
  ],
  "2021_08_23_11_06_41": [
    -175.66460418701172,
    -18.067482709884644,
    1.9585466980934143
  ],
  "2021_08_23_11_22_46": [
    209.87934366861978,
    -251.2238006591797,
    1.9456886847813923
  ],
  "2021_08_23_12_13_48": [
    -3.9212511777877808,
    205.18321990966797,
    1.9499130845069885
  ],
  "2021_08_23_13_10_47": [
    54.26483154296875,
    193.0820770263672,
    1.931293249130249
  ],
  "2021_08_23_16_42_39": [
    21.670780181884766,
    141.95430755615234,
    1.9300731420516968
  ],
  "2021_08_23_17_07_55": [
    35.343292236328125,
    143.19190979003906,
    2.0912856260935464
  ],
  "2021_08_23_19_27_57": [
    104.2833366394043,
    68.32807922363281,
    1.9318349361419678
  ],
  "2021_08_23_20_47_11": [
    89.48368453979492,
    1.4257917404174805,
    1.9307778477668762
  ],
  "2021_08_23_22_31_01": [
    -46.22140073776245,
    18.64414358139038,
    1.9314829409122467
  ],
  "2021_08_23_23_08_17": [
    50.86739031473795,
    -50.91280746459961,
    1.931418498357137
  ],
  "2021_08_24_09_25_42": [
    64.99686050415039,
    -44.815438985824585,
    4.913594365119934
  ],
  "2021_08_24_09_58_32": [
    37.27311992645264,
    -158.52485275268555,
    4.89920699596405
  ],
  "2021_08_24_12_19_30": [
    -105.94810072580974,
    -207.04854329427084,
    4.391068975130717
  ],
  "2021_08_24_21_29_28": [
    159.34874471028647,
    -390.26976521809894,
    1.930240313212077
  ],
  "2021_09_09_22_21_11": [
    119.75338598092397,
    154.57041549682617,
    2.150595506032308
  ],
  "2021_09_09_23_21_21": [
    67.57708530426025,
    -130.93406438827515,
    1.9308964729309082
  ],
  "2021_09_10_12_07_11": [
    -301.64642944335935,
    50.67127933502197,
    5.219283103942871
  ]
}